<?xml version="1.0" encoding="UTF-8"?>
<root>
  <row>
    <Número>1</Número>
    <Nome>Maria</Nome>
    <Idade>12</Idade>
    <Valor>123,00</Valor>
  </row>
  <row>
    <Número>2</Número>
    <Nome>José</Nome>
    <Idade>33</Idade>
    <Valor>12,00</Valor>
  </row>
  <row>
    <Número>3</Número>
    <Nome>Pedro</Nome>
    <Idade>42</Idade>
    <Valor>212,00</Valor>
  </row>
  <row>
    <Número>4</Número>
    <Nome>Silvia</Nome>
    <Idade>4</Idade>
    <Valor>2222,00</Valor>
  </row>
  <row>
    <Número>5</Número>
    <Nome>Fernanda</Nome>
    <Idade>31</Idade>
    <Valor>444,00</Valor>
  </row>
  <row>
    <Número>6</Número>
    <Nome>Rosa</Nome>
    <Idade>45</Idade>
    <Valor>3222,00</Valor>
  </row>
</root>
