[
  {
    "Número": 1,
    "Nome": "Maria",
    "Idade": 12,
    "Valor": "123,00"
  },
  {
    "Número": 2,
    "Nome": "José",
    "Idade": 33,
    "Valor": "12,00"
  },
  {
    "Número": 3,
    "Nome": "Pedro",
    "Idade": 42,
    "Valor": "212,00"
  },
  {
    "Número": 4,
    "Nome": "Silvia",
    "Idade": 4,
    "Valor": "2222,00"
  },
  {
    "Número": 5,
    "Nome": "Fernanda",
    "Idade": 31,
    "Valor": "444,00"
  },
  {
    "Número": 6,
    "Nome": "Rosa",
    "Idade": 45,
    "Valor": "3222,00"
  }
]
